{"cameraMode":{"drawMode":0,"name":"Shaded","section":"Shading Mode"},"sceneLighting":true,"audioPlay":false,"sceneViewState":{"m_AlwaysRefresh":false,"showFog":true,"showSkybox":true,"showFlares":true,"showImageEffects":true,"showParticleSystems":true,"showVisualEffectGraphs":true,"m_FxEnabled":true},"in2DMode":false,"pivot":{"x":60.12495040893555,"y":2.8182265758514406,"z":21.85005760192871},"rotation":{"x":-0.06638696789741516,"y":0.26898622512817385,"z":0.018624650314450265,"w":0.9606996178627014},"size":1.2926439046859742,"orthographic":false}